'2010-06-26 01:04:39.04';-112;-82;-84;Joggen
'2010-06-26 01:04:39.08';-98;-82;-91;Joggen
'2010-06-26 01:04:39.12';-107;-63;-90;Joggen
'2010-06-26 01:04:39.16';-65;-29;-85;Joggen
'2010-06-26 01:04:39.2';-22;4;-54;Joggen
'2010-06-26 01:04:39.24';-64;14;-44;Joggen
'2010-06-26 01:04:39.28';-112;46;-69;Joggen
'2010-06-26 01:04:39.32';-128;2;23;Joggen
'2010-06-26 01:04:39.36';-128;54;95;Joggen
'2010-06-26 01:04:39.4';-127;127;123;Joggen
'2010-06-26 01:04:39.44';-90;127;122;Joggen
'2010-06-26 01:04:39.48';-97;51;-1;Joggen
'2010-06-26 01:04:39.52';-2;30;48;Joggen
'2010-06-26 01:04:39.56';-99;68;-15;Joggen
'2010-06-26 01:04:39.6';-128;28;17;Joggen
'2010-06-26 01:04:39.64';-128;-2;18;Joggen
'2010-06-26 01:04:39.68';-126;-74;-79;Joggen
'2010-06-26 01:04:39.72';-69;-21;-66;Joggen
'2010-06-26 01:04:39.76';-128;-116;-127;Joggen
'2010-06-26 01:04:39.8';-124;-77;-94;Joggen
'2010-06-26 01:04:39.84';-111;-80;-87;Joggen
'2010-06-26 01:04:39.88';-93;-57;-97;Joggen
'2010-06-26 01:04:39.92';-26;-31;-63;Joggen
'2010-06-26 01:04:39.96';-22;-1;-39;Joggen
'2010-06-26 01:04:40.0';-86;-9;-64;Joggen
'2010-06-26 01:04:40.04';-117;-4;-50;Joggen
'2010-06-26 01:04:40.08';-128;12;45;Joggen
'2010-06-26 01:04:40.12';-128;119;123;Joggen
'2010-06-26 01:04:40.16';-115;127;123;Joggen
'2010-06-26 01:04:40.2';-103;90;10;Joggen
'2010-06-26 01:04:40.24';-73;53;49;Joggen
'2010-06-26 01:04:40.28';-94;52;-30;Joggen
'2010-06-26 01:04:40.32';-107;73;27;Joggen
'2010-06-26 01:04:40.36';-122;25;14;Joggen
'2010-06-26 01:04:40.4';-128;-51;-43;Joggen
'2010-06-26 01:04:40.44';-123;-61;-91;Joggen
'2010-06-26 01:04:40.48';-128;-128;-98;Joggen
'2010-06-26 01:04:40.52';-128;-60;-110;Joggen
'2010-06-26 01:04:40.56';-109;-73;-105;Joggen
'2010-06-26 01:04:40.6';-106;-65;-96;Joggen
'2010-06-26 01:04:40.64';-53;-34;-78;Joggen
'2010-06-26 01:04:40.68';2;0;-40;Joggen
'2010-06-26 01:04:40.72';-58;-6;-42;Joggen
'2010-06-26 01:04:40.76';-121;-15;-28;Joggen
'2010-06-26 01:04:40.8';-128;15;60;Joggen
'2010-06-26 01:04:40.84';-128;85;113;Joggen
'2010-06-26 01:04:40.88';-125;127;123;Joggen
'2010-06-26 01:04:40.92';-82;116;89;Joggen
'2010-06-26 01:04:40.96';-119;59;51;Joggen
'2010-06-26 01:04:41.0';-49;37;26;Joggen
'2010-06-26 01:04:41.04';-79;-1;2;Joggen
'2010-06-26 01:04:41.08';-115;26;25;Joggen
'2010-06-26 01:04:41.12';-128;-30;-7;Joggen
'2010-06-26 01:04:41.16';-128;-85;-73;Joggen
'2010-06-26 01:04:41.2';-63;-8;84;Joggen
'2010-06-26 01:04:41.24';-128;-81;-95;Joggen
'2010-06-26 01:04:41.28';-93;-67;-94;Joggen
'2010-06-26 01:04:41.32';-109;-69;-91;Joggen
'2010-06-26 01:04:41.36';-60;-39;-100;Joggen
'2010-06-26 01:04:41.4';-1;-20;-29;Joggen
'2010-06-26 01:04:41.44';-50;2;-45;Joggen
'2010-06-26 01:04:41.48';-112;12;-72;Joggen
'2010-06-26 01:04:41.52';-128;-5;27;Joggen
'2010-06-26 01:04:41.56';-128;127;123;Joggen
'2010-06-26 01:04:41.6';-128;127;123;Joggen
'2010-06-26 01:04:41.64';-100;125;106;Joggen
'2010-06-26 01:04:41.68';-103;71;49;Joggen
'2010-06-26 01:04:41.72';0;60;69;Joggen
'2010-06-26 01:04:41.76';-86;40;8;Joggen
'2010-06-26 01:04:41.8';-106;26;19;Joggen
'2010-06-26 01:04:41.84';-128;-11;1;Joggen
'2010-06-26 01:04:41.88';-128;-90;-78;Joggen
'2010-06-26 01:04:41.92';-22;-3;-25;Joggen
'2010-06-26 01:04:41.96';-128;-128;-112;Joggen
'2010-06-26 01:04:42.0';-98;-72;-101;Joggen
'2010-06-26 01:04:42.04';-76;-45;-71;Joggen
'2010-06-26 01:04:42.08';-58;-45;-119;Joggen
'2010-06-26 01:04:42.12';4;-12;-31;Joggen
'2010-06-26 01:04:42.16';-48;4;-23;Joggen
'2010-06-26 01:04:42.2';-94;-2;-47;Joggen
'2010-06-26 01:04:42.24';-115;10;-44;Joggen
'2010-06-26 01:04:42.28';-128;15;52;Joggen
'2010-06-26 01:04:42.32';-128;118;123;Joggen
'2010-06-26 01:04:42.36';-111;127;123;Joggen
'2010-06-26 01:04:42.4';-109;76;43;Joggen
'2010-06-26 01:04:42.44';-15;52;35;Joggen
'2010-06-26 01:04:42.48';-115;0;16;Joggen
'2010-06-26 01:04:42.52';-128;-6;53;Joggen
'2010-06-26 01:04:42.56';-128;-5;19;Joggen
'2010-06-26 01:04:42.6';-128;-68;-60;Joggen
'2010-06-26 01:04:42.64';-82;-41;-61;Joggen
'2010-06-26 01:04:42.68';-128;-121;-123;Joggen
'2010-06-26 01:04:42.72';-128;-71;-122;Joggen
'2010-06-26 01:04:42.76';-105;-78;-109;Joggen
'2010-06-26 01:04:42.8';-97;-62;-95;Joggen
'2010-06-26 01:04:42.84';-41;-25;-61;Joggen
'2010-06-26 01:04:42.88';-14;12;-40;Joggen
'2010-06-26 01:04:42.92';-90;-9;-62;Joggen
'2010-06-26 01:04:42.96';-118;-9;-48;Joggen
'2010-06-26 01:04:43.0';-128;7;48;Joggen
'2010-06-26 01:04:43.04';-128;117;123;Joggen
'2010-06-26 01:04:43.08';-110;127;123;Joggen
'2010-06-26 01:04:43.12';-86;90;44;Joggen
'2010-06-26 01:04:43.16';-79;11;28;Joggen
'2010-06-26 01:04:43.2';-87;-11;45;Joggen
'2010-06-26 01:04:43.24';-118;68;24;Joggen
'2010-06-26 01:04:43.28';-127;17;17;Joggen
'2010-06-26 01:04:43.32';-128;-57;-43;Joggen
'2010-06-26 01:04:43.36';-123;-70;-82;Joggen
'2010-06-26 01:04:43.4';-128;-128;-69;Joggen
'2010-06-26 01:04:43.44';-128;-71;-109;Joggen
'2010-06-26 01:04:43.48';-107;-74;-101;Joggen
'2010-06-26 01:04:43.52';-105;-67;-100;Joggen
'2010-06-26 01:04:43.56';-53;-34;-85;Joggen
'2010-06-26 01:04:43.6';-13;0;-40;Joggen
'2010-06-26 01:04:43.64';-77;5;-42;Joggen
'2010-06-26 01:04:43.68';-122;3;-45;Joggen
'2010-06-26 01:04:43.72';-128;36;59;Joggen
'2010-06-26 01:04:43.76';-128;94;114;Joggen
'2010-06-26 01:04:43.8';-123;127;123;Joggen
'2010-06-26 01:04:43.84';-82;124;117;Joggen
'2010-06-26 01:04:43.88';-128;127;123;Joggen
'2010-06-26 01:04:43.92';-14;127;61;Joggen
'2010-06-26 01:04:43.96';-92;38;8;Joggen
'2010-06-26 01:04:44.0';-128;19;5;Joggen
'2010-06-26 01:04:44.04';-128;-54;-38;Joggen
'2010-06-26 01:04:44.08';-128;-95;-66;Joggen
'2010-06-26 01:04:44.12';-35;35;-31;Joggen
'2010-06-26 01:04:44.16';-128;-93;-101;Joggen
'2010-06-26 01:04:44.2';-90;-74;-96;Joggen
'2010-06-26 01:04:44.24';-98;-76;-99;Joggen
'2010-06-26 01:04:44.28';-82;-39;-109;Joggen
'2010-06-26 01:04:44.32';-6;-46;-16;Joggen
'2010-06-26 01:04:44.36';-46;1;-36;Joggen
'2010-06-26 01:04:44.4';-82;-1;-50;Joggen
'2010-06-26 01:04:44.44';-128;-6;20;Joggen
'2010-06-26 01:04:44.48';-128;127;123;Joggen
'2010-06-26 01:04:44.52';-128;127;123;Joggen
'2010-06-26 01:04:44.56';-102;127;123;Joggen
'2010-06-26 01:04:44.6';-107;64;24;Joggen
'2010-06-26 01:04:44.64';-26;127;-53;Joggen
'2010-06-26 01:04:44.68';-105;76;40;Joggen
'2010-06-26 01:04:44.72';-128;25;29;Joggen
'2010-06-26 01:04:44.76';-128;1;11;Joggen
'2010-06-26 01:04:44.8';-128;-86;-79;Joggen
'2010-06-26 01:04:44.84';-32;9;-33;Joggen
'2010-06-26 01:04:44.88';-128;-91;-100;Joggen
'2010-06-26 01:04:44.92';-116;-64;-110;Joggen
'2010-06-26 01:04:44.96';-97;-72;-106;Joggen
'2010-06-26 01:04:45.0';-82;-51;-89;Joggen
'2010-06-26 01:04:45.04';5;-30;-21;Joggen
'2010-06-26 01:04:45.08';-22;11;-44;Joggen
'2010-06-26 01:04:45.12';-80;-14;-65;Joggen
'2010-06-26 01:04:45.16';-128;-7;-38;Joggen
'2010-06-26 01:04:45.2';-128;17;41;Joggen
'2010-06-26 01:04:45.24';-128;122;123;Joggen
'2010-06-26 01:04:45.28';-111;127;123;Joggen
'2010-06-26 01:04:45.32';-109;70;53;Joggen
'2010-06-26 01:04:45.36';-5;65;38;Joggen
'2010-06-26 01:04:45.4';-93;-4;-9;Joggen
'2010-06-26 01:04:45.44';-122;10;20;Joggen
'2010-06-26 01:04:45.48';-128;-9;20;Joggen
'2010-06-26 01:04:45.52';-128;-60;-53;Joggen
'2010-06-26 01:04:45.56';-99;-53;-66;Joggen
'2010-06-26 01:04:45.6';-128;-120;-114;Joggen
'2010-06-26 01:04:45.64';-122;-54;-106;Joggen
'2010-06-26 01:04:45.68';-112;-79;-104;Joggen
'2010-06-26 01:04:45.72';-12;-17;-33;Joggen
'2010-06-26 01:04:45.76';-50;-2;-30;Joggen
'2010-06-26 01:04:45.8';-106;-5;-58;Joggen
'2010-06-26 01:04:45.84';-128;-1;-20;Joggen
'2010-06-26 01:04:45.88';-128;75;123;Joggen
'2010-06-26 01:04:45.92';-128;112;122;Joggen
'2010-06-26 01:04:45.96';-118;127;123;Joggen
'2010-06-26 01:04:46.0';-99;116;73;Joggen
'2010-06-26 01:04:46.04';-85;18;31;Joggen
'2010-06-26 01:04:46.08';-107;34;69;Joggen
'2010-06-26 01:04:46.12';-100;36;35;Joggen
'2010-06-26 01:04:46.16';-121;22;27;Joggen
'2010-06-26 01:04:46.2';-128;-30;-19;Joggen
'2010-06-26 01:04:46.24';-128;-73;-68;Joggen
'2010-06-26 01:04:46.28';-128;-90;-81;Joggen
'2010-06-26 01:04:46.32';-128;-66;-108;Joggen
'2010-06-26 01:04:46.36';-116;-83;-118;Joggen
'2010-06-26 01:04:46.4';-111;-69;-101;Joggen
'2010-06-26 01:04:46.44';-57;-27;-81;Joggen
'2010-06-26 01:04:46.48';-14;10;-44;Joggen
'2010-06-26 01:04:46.52';-72;-2;-51;Joggen
'2010-06-26 01:04:46.56';-123;-14;-23;Joggen
'2010-06-26 01:04:46.6';-128;27;101;Joggen
'2010-06-26 01:04:46.64';-128;95;121;Joggen
'2010-06-26 01:04:46.68';-120;127;123;Joggen
'2010-06-26 01:04:46.72';-96;116;104;Joggen
'2010-06-26 01:04:46.76';-89;65;7;Joggen
'2010-06-26 01:04:46.8';-5;74;40;Joggen
'2010-06-26 01:04:46.84';-91;8;14;Joggen
'2010-06-26 01:04:46.88';-118;21;23;Joggen
'2010-06-26 01:04:46.92';-128;-21;-13;Joggen
'2010-06-26 01:04:46.96';-128;-80;-69;Joggen
'2010-06-26 01:04:47.0';-33;21;-29;Joggen
'2010-06-26 01:04:47.04';-128;-98;-101;Joggen
'2010-06-26 01:04:47.08';-85;-73;-105;Joggen
'2010-06-26 01:04:47.12';-100;-69;-102;Joggen
'2010-06-26 01:04:47.16';-70;-40;-96;Joggen
'2010-06-26 01:04:47.2';-13;-12;-35;Joggen
'2010-06-26 01:04:47.24';-60;4;-41;Joggen
'2010-06-26 01:04:47.28';-115;-2;-47;Joggen
'2010-06-26 01:04:47.32';-128;-22;48;Joggen
'2010-06-26 01:04:47.36';-128;56;105;Joggen
'2010-06-26 01:04:47.4';-128;127;123;Joggen
'2010-06-26 01:04:47.44';-93;127;123;Joggen
'2010-06-26 01:04:47.48';-94;70;-17;Joggen
'2010-06-26 01:04:47.52';58;27;-36;Joggen
'2010-06-26 01:04:47.56';-92;20;-8;Joggen
'2010-06-26 01:04:47.6';-128;39;41;Joggen
'2010-06-26 01:04:47.64';-128;-9;11;Joggen
'2010-06-26 01:04:47.68';-128;-56;-53;Joggen
'2010-06-26 01:04:47.72';-57;-27;-56;Joggen
'2010-06-26 01:04:47.76';-128;-111;-109;Joggen
'2010-06-26 01:04:47.8';-91;-71;-119;Joggen
'2010-06-26 01:04:47.84';-92;-79;-94;Joggen
'2010-06-26 01:04:47.88';-102;-44;-93;Joggen
'2010-06-26 01:04:47.92';-8;-12;-24;Joggen
'2010-06-26 01:04:47.96';-46;18;-42;Joggen
'2010-06-26 01:04:48.0';-103;6;-69;Joggen
'2010-06-26 01:04:48.04';-128;-28;7;Joggen
'2010-06-26 01:04:48.08';-128;88;123;Joggen
'2010-06-26 01:04:48.12';-128;122;123;Joggen
'2010-06-26 01:04:48.16';-103;127;123;Joggen
'2010-06-26 01:04:48.2';-76;88;8;Joggen
'2010-06-26 01:04:48.24';94;127;-3;Joggen
'2010-06-26 01:04:48.28';-68;-36;-13;Joggen
'2010-06-26 01:04:48.32';-128;32;26;Joggen
'2010-06-26 01:04:48.36';-128;-34;-6;Joggen
'2010-06-26 01:04:48.4';-128;-53;-43;Joggen
'2010-06-26 01:04:48.44';-100;-39;-67;Joggen
'2010-06-26 01:04:48.48';-128;-99;-102;Joggen
'2010-06-26 01:04:48.52';-128;-88;-126;Joggen
'2010-06-26 01:04:48.56';-101;-90;-118;Joggen
'2010-06-26 01:04:48.6';-90;-52;-103;Joggen
'2010-06-26 01:04:48.64';-51;-21;-60;Joggen
'2010-06-26 01:04:48.68';-27;12;-39;Joggen
'2010-06-26 01:04:48.72';-85;3;-63;Joggen
'2010-06-26 01:04:48.76';-128;5;-30;Joggen
'2010-06-26 01:04:48.8';-128;64;123;Joggen
'2010-06-26 01:04:48.84';-128;115;123;Joggen
'2010-06-26 01:04:48.88';-113;127;123;Joggen
'2010-06-26 01:04:48.92';-98;109;67;Joggen
'2010-06-26 01:04:48.96';-99;-4;37;Joggen
'2010-06-26 01:04:49.0';-100;40;77;Joggen
'2010-06-26 01:04:49.04';-116;56;30;Joggen
'2010-06-26 01:04:49.08';-120;22;24;Joggen
'2010-06-26 01:04:49.12';-128;-35;-26;Joggen
'2010-06-26 01:04:49.16';-128;-61;-84;Joggen
'2010-06-26 01:04:49.2';-128;-122;-91;Joggen
'2010-06-26 01:04:49.24';-128;-55;-88;Joggen
'2010-06-26 01:04:49.28';-127;-91;-106;Joggen
'2010-06-26 01:04:49.32';-108;-66;-94;Joggen
'2010-06-26 01:04:49.36';-50;-36;-83;Joggen
'2010-06-26 01:04:49.4';2;-6;-50;Joggen
'2010-06-26 01:04:49.44';-55;-2;-42;Joggen
'2010-06-26 01:04:49.48';-111;14;-45;Joggen
'2010-06-26 01:04:49.52';-128;4;42;Joggen
'2010-06-26 01:04:49.56';-128;71;108;Joggen
'2010-06-26 01:04:49.6';-127;127;123;Joggen
'2010-06-26 01:04:49.64';-87;121;99;Joggen
'2010-06-26 01:04:49.68';-106;68;36;Joggen
'2010-06-26 01:04:49.72';-46;38;60;Joggen
'2010-06-26 01:04:49.76';-72;35;14;Joggen
'2010-06-26 01:04:49.8';-97;27;12;Joggen
'2010-06-26 01:04:49.84';-128;-13;10;Joggen
'2010-06-26 01:04:49.88';-128;-71;-72;Joggen
'2010-06-26 01:04:49.92';-69;-23;-59;Joggen
'2010-06-26 01:04:49.96';-128;-103;-125;Joggen
'2010-06-26 01:04:50.0';-110;-56;-99;Joggen
'2010-06-26 01:04:50.04';-117;-57;-98;Joggen
'2010-06-26 01:04:50.08';-71;-45;-90;Joggen
'2010-06-26 01:04:50.12';-16;-26;-44;Joggen
'2010-06-26 01:04:50.16';-30;0;-36;Joggen
'2010-06-26 01:04:50.2';-87;-6;-62;Joggen
'2010-06-26 01:04:50.24';-128;-9;13;Joggen
'2010-06-26 01:04:50.28';-128;35;69;Joggen
'2010-06-26 01:04:50.32';-128;127;123;Joggen
'2010-06-26 01:04:50.36';-104;127;123;Joggen
'2010-06-26 01:04:50.4';-54;58;52;Joggen
'2010-06-26 01:04:50.44';-56;-128;37;Joggen
'2010-06-26 01:04:50.48';-30;5;77;Joggen
'2010-06-26 01:04:50.52';-106;46;12;Joggen
'2010-06-26 01:04:50.56';-128;-10;5;Joggen
'2010-06-26 01:04:50.6';-128;-38;-27;Joggen
'2010-06-26 01:04:50.64';-128;-78;-71;Joggen
'2010-06-26 01:04:50.68';-122;-89;42;Joggen
'2010-06-26 01:04:50.72';-128;-78;-82;Joggen
'2010-06-26 01:04:50.76';-84;-59;-102;Joggen
'2010-06-26 01:04:50.8';-102;-52;-98;Joggen
'2010-06-26 01:04:50.84';-57;-35;-77;Joggen
'2010-06-26 01:04:50.88';-14;-8;-26;Joggen
'2010-06-26 01:04:50.92';-58;-4;-38;Joggen
'2010-06-26 01:04:50.96';-119;12;-52;Joggen
'2010-06-26 01:04:51.0';-128;13;33;Joggen
'2010-06-26 01:04:51.04';-128;78;99;Joggen
'2010-06-26 01:04:51.08';-128;127;123;Joggen
'2010-06-26 01:04:51.12';-94;124;101;Joggen
'2010-06-26 01:04:51.16';-112;63;23;Joggen
'2010-06-26 01:04:51.2';-30;54;121;Joggen
'2010-06-26 01:04:51.24';-84;72;29;Joggen
'2010-06-26 01:04:51.28';-93;30;18;Joggen
'2010-06-26 01:04:51.32';-128;-3;17;Joggen
'2010-06-26 01:04:51.36';-128;-67;-68;Joggen
'2010-06-26 01:04:51.4';-87;-64;-57;Joggen
'2010-06-26 01:04:51.44';-128;-128;-118;Joggen
'2010-06-26 01:04:51.48';-128;-85;-108;Joggen
'2010-06-26 01:04:51.52';-86;-46;-87;Joggen
'2010-06-26 01:04:51.56';-95;-48;-91;Joggen
'2010-06-26 01:04:51.6';-36;-29;-68;Joggen
'2010-06-26 01:04:51.64';-24;11;-42;Joggen
'2010-06-26 01:04:51.68';-95;-2;-46;Joggen
'2010-06-26 01:04:51.72';-120;16;-45;Joggen
'2010-06-26 01:04:51.76';-128;24;37;Joggen
'2010-06-26 01:04:51.8';-128;118;123;Joggen
'2010-06-26 01:04:51.84';-113;127;123;Joggen
'2010-06-26 01:04:51.88';-72;99;61;Joggen
'2010-06-26 01:04:51.92';106;-128;47;Joggen
'2010-06-26 01:04:51.96';-76;26;83;Joggen
'2010-06-26 01:04:52.0';-118;51;30;Joggen
'2010-06-26 01:04:52.04';-128;-1;14;Joggen
'2010-06-26 01:04:52.08';-128;-30;-15;Joggen
'2010-06-26 01:04:52.12';-128;-85;-66;Joggen
'2010-06-26 01:04:52.16';-83;-33;66;Joggen
'2010-06-26 01:04:52.2';-128;-91;-73;Joggen
'2010-06-26 01:04:52.24';-109;-67;-97;Joggen
'2010-06-26 01:04:52.28';-114;-60;-89;Joggen
'2010-06-26 01:04:52.32';-64;-32;-96;Joggen
'2010-06-26 01:04:52.36';-2;-24;-28;Joggen
'2010-06-26 01:04:52.4';-53;-6;-43;Joggen
'2010-06-26 01:04:52.44';-128;90;123;Joggen
'2010-06-26 01:04:52.48';-128;127;123;Joggen
'2010-06-26 01:04:52.52';-112;127;123;Joggen
'2010-06-26 01:04:52.56';-105;112;84;Joggen
'2010-06-26 01:04:52.6';-105;27;20;Joggen
'2010-06-26 01:04:52.64';-112;54;80;Joggen
'2010-06-26 01:04:52.68';-70;4;-7;Joggen
'2010-06-26 01:04:52.72';-111;25;26;Joggen
'2010-06-26 01:04:52.76';-128;-28;0;Joggen
'2010-06-26 01:04:52.8';-128;-90;-70;Joggen
'2010-06-26 01:04:52.84';-30;18;-18;Joggen
'2010-06-26 01:04:52.88';-128;-98;-92;Joggen
'2010-06-26 01:04:52.92';-110;-60;-103;Joggen
'2010-06-26 01:04:52.96';-104;-65;-90;Joggen
'2010-06-26 01:04:53.0';-74;-49;-97;Joggen
'2010-06-26 01:04:53.04';12;-36;-16;Joggen
'2010-06-26 01:04:53.08';-36;-4;-43;Joggen
'2010-06-26 01:04:53.12';-104;-10;-54;Joggen
'2010-06-26 01:04:53.16';-128;-8;13;Joggen
'2010-06-26 01:04:53.2';-128;127;123;Joggen
'2010-06-26 01:04:53.24';-128;127;123;Joggen
'2010-06-26 01:04:53.28';-99;127;123;Joggen
'2010-06-26 01:04:53.32';-107;64;26;Joggen
'2010-06-26 01:04:53.36';-9;46;51;Joggen
'2010-06-26 01:04:53.4';-120;78;22;Joggen
'2010-06-26 01:04:53.44';-128;20;45;Joggen
'2010-06-26 01:04:53.48';-128;-4;9;Joggen
'2010-06-26 01:04:53.52';-128;-81;-68;Joggen
'2010-06-26 01:04:53.56';-53;-25;-63;Joggen
'2010-06-26 01:04:53.6';-128;-128;-98;Joggen
'2010-06-26 01:04:53.64';-126;-68;-108;Joggen
'2010-06-26 01:04:53.68';-101;-70;-97;Joggen
'2010-06-26 01:04:53.72';-95;-41;-105;Joggen
'2010-06-26 01:04:53.76';-31;-23;-56;Joggen
'2010-06-26 01:04:53.8';-22;6;-38;Joggen
'2010-06-26 01:04:53.84';-80;-7;-64;Joggen
'2010-06-26 01:04:53.88';-113;1;-56;Joggen
'2010-06-26 01:04:53.92';-128;23;54;Joggen
'2010-06-26 01:04:53.96';-128;125;123;Joggen
'2010-06-26 01:04:54.0';-111;127;123;Joggen
'2010-06-26 01:04:54.04';-94;106;30;Joggen
'2010-06-26 01:04:54.08';-54;20;34;Joggen
'2010-06-26 01:04:54.12';-106;18;-58;Joggen
'2010-06-26 01:04:54.16';-122;20;22;Joggen
'2010-06-26 01:04:54.2';-128;3;16;Joggen
'2010-06-26 01:04:54.24';-128;-69;-56;Joggen
'2010-06-26 01:04:54.28';-96;-63;-71;Joggen
'2010-06-26 01:04:54.32';-128;-128;-123;Joggen
'2010-06-26 01:04:54.36';-128;-58;-113;Joggen
'2010-06-26 01:04:54.4';-119;-77;-98;Joggen
'2010-06-26 01:04:54.44';-101;-58;-104;Joggen
'2010-06-26 01:04:54.48';-27;-32;-66;Joggen
'2010-06-26 01:04:54.52';-15;0;-41;Joggen
'2010-06-26 01:04:54.56';-90;-10;-70;Joggen
'2010-06-26 01:04:54.6';-120;-4;-62;Joggen
'2010-06-26 01:04:54.64';-128;9;30;Joggen
'2010-06-26 01:04:54.68';-128;118;123;Joggen
'2010-06-26 01:04:54.72';-108;127;123;Joggen
'2010-06-26 01:04:54.76';-107;75;33;Joggen
'2010-06-26 01:04:54.8';-20;65;33;Joggen
'2010-06-26 01:04:54.84';-88;-12;8;Joggen
'2010-06-26 01:04:54.88';-114;36;20;Joggen
'2010-06-26 01:04:54.92';-128;5;22;Joggen
'2010-06-26 01:04:54.96';-128;-60;-55;Joggen
'2010-06-26 01:04:55.0';-79;-44;-62;Joggen
'2010-06-26 01:04:55.04';-128;-128;-107;Joggen
'2010-06-26 01:04:55.08';-128;-62;-117;Joggen
'2010-06-26 01:04:55.12';-113;-79;-112;Joggen
'2010-06-26 01:04:55.16';-105;-62;-107;Joggen
'2010-06-26 01:04:55.2';-45;-33;-81;Joggen
'2010-06-26 01:04:55.24';-6;10;-49;Joggen
'2010-06-26 01:04:55.28';-78;-11;-58;Joggen
'2010-06-26 01:04:55.32';-128;-10;-53;Joggen
'2010-06-26 01:04:55.36';-128;44;108;Joggen
'2010-06-26 01:04:55.4';-128;110;122;Joggen
'2010-06-26 01:04:55.44';-117;127;123;Joggen
'2010-06-26 01:04:55.48';-108;92;62;Joggen
'2010-06-26 01:04:55.52';-47;55;12;Joggen
'2010-06-26 01:04:55.56';-100;31;-13;Joggen
'2010-06-26 01:04:55.6';-117;47;31;Joggen
'2010-06-26 01:04:55.64';-127;9;25;Joggen
'2010-06-26 01:04:55.68';-128;-58;-42;Joggen
'2010-06-26 01:04:55.72';-97;-53;-64;Joggen
'2010-06-26 01:04:55.76';-128;-128;-124;Joggen
'2010-06-26 01:04:55.8';-128;-62;-128;Joggen
'2010-06-26 01:04:55.84';-108;-77;-115;Joggen
'2010-06-26 01:04:55.88';-100;-63;-94;Joggen
'2010-06-26 01:04:55.92';-49;-27;-79;Joggen
'2010-06-26 01:04:55.96';-11;12;-54;Joggen
'2010-06-26 01:04:56.0';-81;0;-58;Joggen
'2010-06-26 01:04:56.04';-128;-14;-33;Joggen
'2010-06-26 01:04:56.08';-128;35;100;Joggen
'2010-06-26 01:04:56.12';-128;103;121;Joggen
'2010-06-26 01:04:56.16';-116;127;123;Joggen
'2010-06-26 01:04:56.2';-91;104;102;Joggen
'2010-06-26 01:04:56.24';-128;-126;-128;Joggen
'2010-06-26 01:04:56.28';-4;68;-48;Joggen
'2010-06-26 01:04:56.32';-98;22;14;Joggen
'2010-06-26 01:04:56.36';-128;6;-3;Joggen
'2010-06-26 01:04:56.4';-128;-36;-29;Joggen
'2010-06-26 01:04:56.44';-128;-74;-76;Joggen
'2010-06-26 01:04:56.48';-128;-128;-75;Joggen
'2010-06-26 01:04:56.52';-128;-60;-112;Joggen
'2010-06-26 01:04:56.56';-117;-79;-117;Joggen
'2010-06-26 01:04:56.6';-113;-64;-102;Joggen
'2010-06-26 01:04:56.64';-55;-36;-100;Joggen
'2010-06-26 01:04:56.68';-2;-18;-42;Joggen
'2010-06-26 01:04:56.72';-65;-8;-44;Joggen
'2010-06-26 01:04:56.76';-128;-8;-48;Joggen
'2010-06-26 01:04:56.8';-128;20;57;Joggen
'2010-06-26 01:04:56.84';-128;91;114;Joggen
'2010-06-26 01:04:56.88';-125;127;123;Joggen
'2010-06-26 01:04:56.92';-104;127;93;Joggen
'2010-06-26 01:04:56.96';-106;17;30;Joggen
'2010-06-26 01:04:57.0';-119;26;89;Joggen
'2010-06-26 01:04:57.04';-91;30;25;Joggen
'2010-06-26 01:04:57.08';-115;25;29;Joggen
'2010-06-26 01:04:57.12';-128;-34;-21;Joggen
'2010-06-26 01:04:57.16';-128;-81;-81;Joggen
'2010-06-26 01:04:57.2';-114;-57;21;Joggen
'2010-06-26 01:04:57.24';-128;-84;-114;Joggen
'2010-06-26 01:04:57.28';-112;-65;-114;Joggen
'2010-06-26 01:04:57.32';-95;-65;-107;Joggen
'2010-06-26 01:04:57.36';-58;-40;-89;Joggen
'2010-06-26 01:04:57.4';-9;-26;-30;Joggen
'2010-06-26 01:04:57.44';-59;8;-44;Joggen
'2010-06-26 01:04:57.48';-124;19;-79;Joggen
'2010-06-26 01:04:57.52';-128;20;32;Joggen
'2010-06-26 01:04:57.56';-128;79;97;Joggen
'2010-06-26 01:04:57.6';-128;127;123;Joggen
'2010-06-26 01:04:57.64';-92;125;95;Joggen
'2010-06-26 01:04:57.68';-116;55;48;Joggen
'2010-06-26 01:04:57.72';-89;24;22;Joggen
'2010-06-26 01:04:57.76';-67;2;-12;Joggen
'2010-06-26 01:04:57.8';-108;26;15;Joggen
'2010-06-26 01:04:57.84';-128;-19;0;Joggen
'2010-06-26 01:04:57.88';-128;-80;-86;Joggen
'2010-06-26 01:04:57.92';-48;16;82;Joggen
'2010-06-26 01:04:57.96';-128;-85;-86;Joggen
'2010-06-26 01:04:58.0';-110;-66;-96;Joggen
'2010-06-26 01:04:58.04';-112;-67;-107;Joggen
'2010-06-26 01:04:58.08';-74;-42;-98;Joggen
'2010-06-26 01:04:58.12';8;-46;-26;Joggen
'2010-06-26 01:04:58.16';-36;-1;-42;Joggen
'2010-06-26 01:04:58.2';-100;-7;-84;Joggen
'2010-06-26 01:04:58.24';-124;2;-61;Joggen
'2010-06-26 01:04:58.28';-128;49;71;Joggen
'2010-06-26 01:04:58.32';-128;127;123;Joggen
'2010-06-26 01:04:58.36';-105;127;123;Joggen
'2010-06-26 01:04:58.4';-69;52;5;Joggen
'2010-06-26 01:04:58.44';127;127;-56;Joggen
'2010-06-26 01:04:58.48';-80;-59;-25;Joggen
'2010-06-26 01:04:58.52';-128;63;24;Joggen
'2010-06-26 01:04:58.56';-128;-34;0;Joggen
'2010-06-26 01:04:58.6';-128;-54;-48;Joggen
'2010-06-26 01:04:58.64';-105;-59;-76;Joggen
'2010-06-26 01:04:58.68';-128;-114;-74;Joggen
'2010-06-26 01:04:58.72';-128;-84;-115;Joggen
'2010-06-26 01:04:58.76';-101;-67;-91;Joggen
'2010-06-26 01:04:58.8';-95;-41;-101;Joggen
'2010-06-26 01:04:58.84';-39;-27;-87;Joggen
'2010-06-26 01:04:58.88';-13;-14;-36;Joggen
'2010-06-26 01:04:58.92';-83;-14;-52;Joggen
'2010-06-26 01:04:58.96';-128;-19;-13;Joggen
'2010-06-26 01:04:59.0';-128;29;114;Joggen
'2010-06-26 01:04:59.04';-128;100;122;Spazieren
'2010-06-26 01:04:59.08';-116;127;123;Spazieren
'2010-06-26 01:04:59.12';-105;121;54;Spazieren
'2010-06-26 01:04:59.16';-93;100;27;Spazieren
'2010-06-26 01:04:59.2';-128;22;40;Spazieren
'2010-06-26 01:04:59.24';-127;10;19;Spazieren
'2010-06-26 01:04:59.28';-128;-43;-42;Spazieren
'2010-06-26 01:04:59.32';-128;-78;-72;Spazieren
'2010-06-26 01:04:59.36';-70;24;60;Spazieren
'2010-06-26 01:04:59.4';-128;-110;-127;Spazieren
'2010-06-26 01:04:59.44';-74;-37;-88;Spazieren
'2010-06-26 01:04:59.48';-88;-47;-88;Spazieren
'2010-06-26 01:04:59.52';-66;-45;-98;Spazieren
'2010-06-26 01:04:59.56';-2;-32;-37;Spazieren
'2010-06-26 01:04:59.6';-55;-4;-46;Spazieren
'2010-06-26 01:04:59.64';-120;12;-66;Spazieren
'2010-06-26 01:04:59.68';-128;-17;41;Spazieren
'2010-06-26 01:04:59.72';-128;127;123;Spazieren
'2010-06-26 01:04:59.76';-128;127;123;Spazieren
'2010-06-26 01:04:59.8';-91;124;98;Spazieren
'2010-06-26 01:04:59.84';-111;82;44;Spazieren
'2010-06-26 01:04:59.88';-30;27;123;Spazieren
'2010-06-26 01:04:59.92';-103;53;23;Spazieren
'2010-06-26 01:04:59.96';-101;32;21;Spazieren
'2010-06-26 01:05:00.0';-128;-4;2;Spazieren
'2010-06-26 01:05:00.04';-128;-80;-78;Spazieren
'2010-06-26 01:05:00.08';-33;3;-39;Spazieren
'2010-06-26 01:05:00.12';-128;-95;-120;Spazieren
'2010-06-26 01:05:00.16';-93;-47;-94;Spazieren
'2010-06-26 01:05:00.2';-96;-69;-109;Spazieren
'2010-06-26 01:05:00.24';-78;-57;-83;Spazieren
'2010-06-26 01:05:00.28';20;-30;-14;Spazieren
'2010-06-26 01:05:00.32';-44;0;-47;Spazieren
'2010-06-26 01:05:00.36';-123;-5;-46;Spazieren
'2010-06-26 01:05:00.4';-128;23;-29;Spazieren
'2010-06-26 01:05:00.44';-128;43;38;Spazieren
'2010-06-26 01:05:00.48';-128;116;123;Spazieren
'2010-06-26 01:05:00.52';-108;127;123;Spazieren
'2010-06-26 01:05:00.56';-109;90;17;Spazieren
'2010-06-26 01:05:00.6';-51;41;47;Spazieren
'2010-06-26 01:05:00.64';-103;46;9;Spazieren
'2010-06-26 01:05:00.68';-114;66;-9;Spazieren
'2010-06-26 01:05:00.72';-126;22;15;Spazieren
'2010-06-26 01:05:00.76';-128;-39;-17;Spazieren
'2010-06-26 01:05:00.8';-128;-64;-87;Spazieren
'2010-06-26 01:05:00.84';-128;-116;-88;Spazieren
'2010-06-26 01:05:00.88';-128;-69;-104;Spazieren
'2010-06-26 01:05:00.92';-116;-75;-107;Spazieren
'2010-06-26 01:05:00.96';-102;-60;-100;Spazieren
'2010-06-26 01:05:01.0';-51;-30;-79;Spazieren
'2010-06-26 01:05:01.04';-6;-8;-42;Spazieren
'2010-06-26 01:05:01.08';-65;-2;-44;Spazieren
'2010-06-26 01:05:01.12';-123;4;-53;Spazieren
'2010-06-26 01:05:01.16';-128;34;53;Spazieren
'2010-06-26 01:05:01.2';-128;93;110;Spazieren
'2010-06-26 01:05:01.24';-123;127;123;Spazieren
'2010-06-26 01:05:01.28';-95;126;114;Spazieren
'2010-06-26 01:05:01.32';-108;50;-4;Spazieren
'2010-06-26 01:05:01.36';-26;38;49;Spazieren
'2010-06-26 01:05:01.4';-88;94;18;Spazieren
'2010-06-26 01:05:01.44';-128;26;16;Spazieren
'2010-06-26 01:05:01.48';-128;-2;13;Spazieren
'2010-06-26 01:05:01.52';-128;-68;-74;Spazieren
'2010-06-26 01:05:01.56';-57;-24;-47;Spazieren
'2010-06-26 01:05:01.6';-128;-99;-112;Spazieren
'2010-06-26 01:05:01.64';-80;-63;-103;Spazieren
'2010-06-26 01:05:01.68';-92;-68;-107;Spazieren
'2010-06-26 01:05:01.72';-87;-41;-108;Spazieren
'2010-06-26 01:05:01.76';-14;-30;-25;Spazieren
'2010-06-26 01:05:01.8';-34;2;-33;Spazieren
'2010-06-26 01:05:01.84';-87;-2;-68;Spazieren
'2010-06-26 01:05:01.88';-128;-16;6;Spazieren
'2010-06-26 01:05:01.92';-128;127;123;Spazieren
'2010-06-26 01:05:01.96';-128;127;123;Spazieren
'2010-06-26 01:05:02.0';-114;127;119;Spazieren
'2010-06-26 01:05:02.04';-118;74;46;Spazieren
'2010-06-26 01:05:02.08';-28;114;115;Spazieren
'2010-06-26 01:05:02.12';-95;24;54;Spazieren
'2010-06-26 01:05:02.16';-128;52;59;Spazieren
'2010-06-26 01:05:02.2';-128;5;31;Spazieren
'2010-06-26 01:05:02.24';-128;-58;-71;Spazieren
'2010-06-26 01:05:02.28';-98;-61;-60;Spazieren
'2010-06-26 01:05:02.32';-128;-128;-116;Spazieren
'2010-06-26 01:05:02.36';-128;-60;-102;Spazieren
'2010-06-26 01:05:02.4';-116;-58;-100;Spazieren
'2010-06-26 01:05:02.44';-89;-51;-106;Spazieren
'2010-06-26 01:05:02.48';-29;-29;-68;Spazieren
'2010-06-26 01:05:02.52';-16;-24;-36;Spazieren
'2010-06-26 01:05:02.56';-80;-1;-65;Spazieren
'2010-06-26 01:05:02.6';-114;17;-71;Spazieren
'2010-06-26 01:05:02.64';-128;30;26;Spazieren
'2010-06-26 01:05:02.68';-128;122;123;Spazieren
'2010-06-26 01:05:02.72';-106;127;123;Spazieren
'2010-06-26 01:05:02.76';-95;111;39;Spazieren
'2010-06-26 01:05:02.8';-81;24;41;Spazieren
'2010-06-26 01:05:02.84';-100;24;-24;Spazieren
'2010-06-26 01:05:02.88';-104;54;21;Spazieren
'2010-06-26 01:05:02.92';-120;18;25;Spazieren
'2010-06-26 01:05:02.96';-128;-38;-31;Spazieren
'2010-06-26 01:05:03.0';-128;-73;-86;Spazieren
'2010-06-26 01:05:03.04';-128;-118;-19;Spazieren
'2010-06-26 01:05:03.08';-128;-68;-125;Spazieren
'2010-06-26 01:05:03.12';-111;-71;-103;Spazieren
'2010-06-26 01:05:03.16';-114;-67;-110;Spazieren
'2010-06-26 01:05:03.2';-47;-32;-68;Spazieren
'2010-06-26 01:05:03.24';4;6;-44;Spazieren
'2010-06-26 01:05:03.28';-56;2;-50;Spazieren
'2010-06-26 01:05:03.32';-126;-4;-38;Spazieren
'2010-06-26 01:05:03.36';-128;17;57;Spazieren
'2010-06-26 01:05:03.4';-128;87;112;Spazieren
'2010-06-26 01:05:03.44';-125;127;123;Spazieren
'2010-06-26 01:05:03.48';-84;125;121;Spazieren
'2010-06-26 01:05:03.52';116;127;123;Spazieren
'2010-06-26 01:05:03.56';14;85;37;Spazieren
'2010-06-26 01:05:03.6';-100;90;4;Spazieren
'2010-06-26 01:05:03.64';-105;37;18;Spazieren
'2010-06-26 01:05:03.68';-128;-5;10;Spazieren
'2010-06-26 01:05:03.72';-128;-66;-68;Spazieren
'2010-06-26 01:05:03.76';-68;-27;-59;Spazieren
'2010-06-26 01:05:03.8';-128;-128;-112;Spazieren
'2010-06-26 01:05:03.84';-114;-52;-93;Spazieren
'2010-06-26 01:05:03.88';-111;-65;-85;Spazieren
'2010-06-26 01:05:03.92';-80;-44;-100;Spazieren
'2010-06-26 01:05:03.96';8;-42;-31;Spazieren
'2010-06-26 01:05:04.0';-20;-6;-38;Spazieren
'2010-06-26 01:05:04.04';-49;-6;-47;Spazieren
'2010-06-26 01:05:04.08';-128;12;-41;Spazieren
'2010-06-26 01:05:04.12';-128;62;123;Spazieren
'2010-06-26 01:05:04.16';-128;116;123;Spazieren
'2010-06-26 01:05:04.2';-106;127;123;Spazieren
'2010-06-26 01:05:04.24';-84;97;27;Spazieren
'2010-06-26 01:05:04.28';-80;6;43;Spazieren
'2010-06-26 01:05:04.32';-98;-9;10;Spazieren
'2010-06-26 01:05:04.36';-119;50;16;Spazieren
'2010-06-26 01:05:04.4';-127;15;13;Spazieren
'2010-06-26 01:05:04.44';-128;-42;-31;Spazieren
'2010-06-26 01:05:04.48';-128;-66;-69;Spazieren
'2010-06-26 01:05:04.52';-128;-122;-87;Spazieren
'2010-06-26 01:05:04.56';-128;-66;-109;Spazieren
'2010-06-26 01:05:04.6';-108;-78;-108;Spazieren
'2010-06-26 01:05:04.64';-100;-66;-86;Spazieren
'2010-06-26 01:05:04.68';-60;-34;-79;Spazieren
'2010-06-26 01:05:04.72';-10;4;-46;Spazieren
'2010-06-26 01:05:04.76';-64;14;-49;Spazieren
'2010-06-26 01:05:04.8';-116;1;-36;Spazieren
'2010-06-26 01:05:04.84';-128;-1;46;Spazieren
'2010-06-26 01:05:04.88';-128;60;111;Spazieren
'2010-06-26 01:05:04.92';-127;127;123;Spazieren
'2010-06-26 01:05:04.96';-91;123;94;Spazieren
'2010-06-26 01:05:05.0';-113;52;44;Spazieren
'2010-06-26 01:05:05.04';-94;40;38;Spazieren
'2010-06-26 01:05:05.08';-65;11;-8;Spazieren
'2010-06-26 01:05:05.12';-105;29;21;Spazieren
'2010-06-26 01:05:05.16';-128;-15;10;Spazieren
'2010-06-26 01:05:05.2';-128;-73;-80;Spazieren
'2010-06-26 01:05:05.24';-22;18;-22;Spazieren
'2010-06-26 01:05:05.28';-128;-87;-107;Spazieren
'2010-06-26 01:05:05.32';-85;-64;-95;Spazieren
'2010-06-26 01:05:05.36';-100;-65;-93;Spazieren
'2010-06-26 01:05:05.4';-68;-45;-91;Spazieren
'2010-06-26 01:05:05.44';-2;-30;-32;Spazieren
'2010-06-26 01:05:05.48';-37;-3;-39;Spazieren
'2010-06-26 01:05:05.52';-107;-3;-76;Spazieren
'2010-06-26 01:05:05.56';-128;-21;-2;Spazieren
'2010-06-26 01:05:05.6';-128;28;74;Spazieren
'2010-06-26 01:05:05.64';-128;127;123;Spazieren
'2010-06-26 01:05:05.68';-104;127;122;Spazieren
'2010-06-26 01:05:05.72';-114;56;30;Spazieren
'2010-06-26 01:05:05.76';-27;72;51;Spazieren
'2010-06-26 01:05:05.8';-100;-8;2;Spazieren
'2010-06-26 01:05:05.84';-95;1;39;Spazieren
'2010-06-26 01:05:05.88';-128;-82;-81;Spazieren
'2010-06-26 01:05:05.92';-28;33;-13;Spazieren
'2010-06-26 01:05:05.96';-128;-82;-96;Spazieren
'2010-06-26 01:05:06.0';-128;-79;-110;Spazieren
'2010-06-26 01:05:06.04';-109;-77;-111;Spazieren
'2010-06-26 01:05:06.08';-96;-50;-100;Spazieren
'2010-06-26 01:05:06.12';-50;-28;-77;Spazieren
'2010-06-26 01:05:06.16';-2;10;-52;Spazieren
'2010-06-26 01:05:06.2';-68;-2;-59;Spazieren
'2010-06-26 01:05:06.24';-126;-24;-18;Spazieren
'2010-06-26 01:05:06.28';-128;-12;56;Spazieren
'2010-06-26 01:05:06.32';-128;89;108;Spazieren
'2010-06-26 01:05:06.36';-123;127;123;Spazieren
'2010-06-26 01:05:06.4';-104;120;102;Spazieren
'2010-06-26 01:05:06.44';-95;14;7;Spazieren
'2010-06-26 01:05:06.48';-128;42;-32;Spazieren
'2010-06-26 01:05:06.52';-67;16;-7;Spazieren
'2010-06-26 01:05:06.56';-99;23;18;Spazieren
'2010-06-26 01:05:06.6';-128;-21;8;Spazieren
'2010-06-26 01:05:06.64';-128;-68;-78;Spazieren
'2010-06-26 01:05:06.68';-31;23;-27;Spazieren
'2010-06-26 01:05:06.72';-128;-91;-81;Spazieren
'2010-06-26 01:05:06.76';-128;-83;-92;Spazieren
'2010-06-26 01:05:06.8';-120;-72;-91;Spazieren
'2010-06-26 01:05:06.84';-74;-29;-91;Spazieren
'2010-06-26 01:05:06.88';10;-10;-39;Spazieren
'2010-06-26 01:05:06.92';-30;3;-42;Spazieren
'2010-06-26 01:05:06.96';-88;-2;-63;Spazieren
'2010-06-26 01:05:07.0';-128;6;-2;Spazieren
'2010-06-26 01:05:07.04';-128;127;123;Spazieren
'2010-06-26 01:05:07.08';-128;127;123;Spazieren
'2010-06-26 01:05:07.12';-102;127;106;Spazieren
'2010-06-26 01:05:07.16';-127;62;74;Spazieren
'2010-06-26 01:05:07.2';-49;8;123;Spazieren
'2010-06-26 01:05:07.24';-97;48;66;Spazieren
'2010-06-26 01:05:07.28';-89;32;18;Spazieren
'2010-06-26 01:05:07.32';-128;4;14;Spazieren
'2010-06-26 01:05:07.36';-126;-70;-86;Spazieren
'2010-06-26 01:05:07.4';-84;-21;-64;Spazieren
'2010-06-26 01:05:07.44';-128;-98;-128;Spazieren
'2010-06-26 01:05:07.48';-106;-50;-82;Spazieren
'2010-06-26 01:05:07.52';-94;-54;-110;Spazieren
'2010-06-26 01:05:07.56';-65;-41;-88;Spazieren
'2010-06-26 01:05:07.6';-8;-48;-46;Spazieren
'2010-06-26 01:05:07.64';-29;33;-47;Spazieren
'2010-06-26 01:05:07.68';-92;16;-90;Spazieren
'2010-06-26 01:05:07.72';-128;-22;19;Spazieren
'2010-06-26 01:05:07.76';-128;-2;55;Spazieren
'2010-06-26 01:05:07.8';-128;112;123;Spazieren
'2010-06-26 01:05:07.84';-104;127;123;Spazieren
'2010-06-26 01:05:07.88';-101;81;50;Spazieren
'2010-06-26 01:05:07.92';-43;57;22;Spazieren
'2010-06-26 01:05:07.96';-93;28;8;Spazieren
'2010-06-26 01:05:08.0';-102;36;23;Spazieren
'2010-06-26 01:05:08.04';-123;10;27;Spazieren
'2010-06-26 01:05:08.08';-128;-40;-22;Spazieren
'2010-06-26 01:05:08.12';-128;-76;-74;Spazieren
'2010-06-26 01:05:08.16';-115;-90;-32;Spazieren
'2010-06-26 01:05:08.2';-128;-54;-121;Spazieren
'2010-06-26 01:05:08.24';-107;-63;-112;Spazieren
'2010-06-26 01:05:08.28';-104;-58;-95;Spazieren
'2010-06-26 01:05:08.32';-58;-29;-80;Spazieren
'2010-06-26 01:05:08.36';-6;9;-43;Spazieren
'2010-06-26 01:05:08.4';-63;10;-39;Spazieren
'2010-06-26 01:05:08.44';-117;14;-42;Spazieren
'2010-06-26 01:05:08.48';-128;14;41;Spazieren
'2010-06-26 01:05:08.52';-128;79;105;Spazieren
'2010-06-26 01:05:08.56';-127;127;123;Spazieren
'2010-06-26 01:05:08.6';-96;123;109;Spazieren
'2010-06-26 01:05:08.64';-104;61;13;Spazieren
'2010-06-26 01:05:08.68';-12;44;117;Spazieren
'2010-06-26 01:05:08.72';-85;74;8;Spazieren
'2010-06-26 01:05:08.76';-105;29;24;Spazieren
'2010-06-26 01:05:08.8';-128;-3;11;Spazieren
'2010-06-26 01:05:08.84';-128;-77;-66;Spazieren
'2010-06-26 01:05:08.88';-49;-7;-53;Spazieren
'2010-06-26 01:05:08.92';-128;-100;-101;Spazieren
'2010-06-26 01:05:08.96';-108;-67;-110;Spazieren
'2010-06-26 01:05:09.0';-99;-74;-106;Spazieren
'2010-06-26 01:05:09.04';-83;-43;-99;Spazieren
'2010-06-26 01:05:09.08';-2;-34;-18;Spazieren
'2010-06-26 01:05:09.12';-30;12;-37;Spazieren
'2010-06-26 01:05:09.16';-58;9;-50;Spazieren
'2010-06-26 01:05:09.2';-128;-6;-20;Spazieren
'2010-06-26 01:05:09.24';-128;64;123;Spazieren
'2010-06-26 01:05:09.28';-128;119;123;Spazieren
'2010-06-26 01:05:09.32';-101;127;123;Spazieren
'2010-06-26 01:05:09.36';-107;57;18;Spazieren
'2010-06-26 01:05:09.4';-16;63;23;Spazieren
'2010-06-26 01:05:09.44';-98;60;-25;Spazieren
'2010-06-26 01:05:09.48';-108;59;21;Spazieren
'2010-06-26 01:05:09.52';-125;14;21;Spazieren
'2010-06-26 01:05:09.56';-128;-45;-32;Spazieren
'2010-06-26 01:05:09.6';-128;-68;-77;Spazieren
'2010-06-26 01:05:09.64';-128;-117;-81;Spazieren
'2010-06-26 01:05:09.68';-128;-66;-111;Spazieren
'2010-06-26 01:05:09.72';-106;-71;-106;Spazieren
'2010-06-26 01:05:09.76';-99;-59;-91;Spazieren
'2010-06-26 01:05:09.8';-51;-29;-74;Spazieren
'2010-06-26 01:05:09.84';-20;7;-44;Spazieren
'2010-06-26 01:05:09.88';-84;-3;-56;Spazieren
'2010-06-26 01:05:09.92';-122;-12;-35;Spazieren
'2010-06-26 01:05:09.96';-128;30;89;Spazieren
'2010-06-26 01:05:10.0';-128;93;120;Spazieren
'2010-06-26 01:05:10.04';-119;127;123;Spazieren
'2010-06-26 01:05:10.08';-105;116;87;Spazieren
'2010-06-26 01:05:10.12';-85;7;-5;Spazieren
'2010-06-26 01:05:10.16';-128;24;60;Spazieren
'2010-06-26 01:05:10.2';-62;4;-4;Spazieren
'2010-06-26 01:05:10.24';-109;29;20;Spazieren
'2010-06-26 01:05:10.28';-128;-14;-4;Spazieren
'2010-06-26 01:05:10.32';-128;-69;-78;Spazieren
'2010-06-26 01:05:10.36';-22;22;-13;Spazieren
'2010-06-26 01:05:10.4';-128;-85;-69;Spazieren
'2010-06-26 01:05:10.44';-120;-74;-104;Spazieren
'2010-06-26 01:05:10.48';-123;-77;-93;Spazieren
'2010-06-26 01:05:10.52';-74;-38;-104;Spazieren
'2010-06-26 01:05:10.56';-4;-39;-39;Spazieren
'2010-06-26 01:05:10.6';-44;-14;-39;Spazieren
'2010-06-26 01:05:10.64';-77;-7;-55;Spazieren
'2010-06-26 01:05:10.68';-128;4;22;Spazieren
'2010-06-26 01:05:10.72';-128;127;123;Spazieren
'2010-06-26 01:05:10.76';-128;127;123;Spazieren
'2010-06-26 01:05:10.8';-95;127;123;Spazieren
'2010-06-26 01:05:10.84';-103;79;-5;Spazieren
'2010-06-26 01:05:10.88';66;36;-35;Spazieren
'2010-06-26 01:05:10.92';-108;12;-9;Spazieren
'2010-06-26 01:05:10.96';-115;12;33;Spazieren
'2010-06-26 01:05:11.0';-128;8;25;Spazieren
'2010-06-26 01:05:11.04';-128;-47;-35;Spazieren
'2010-06-26 01:05:11.08';-114;-63;-83;Spazieren
'2010-06-26 01:05:11.12';-128;-127;-119;Spazieren
'2010-06-26 01:05:11.16';-128;-53;-101;Spazieren
'2010-06-26 01:05:11.2';-103;-65;-99;Spazieren
'2010-06-26 01:05:11.24';-95;-47;-97;Spazieren
'2010-06-26 01:05:11.28';-12;-17;-28;Spazieren
'2010-06-26 01:05:11.32';-8;12;-51;Spazieren
'2010-06-26 01:05:11.36';-69;-1;-63;Spazieren
'2010-06-26 01:05:11.4';-128;-2;-46;Spazieren
'2010-06-26 01:05:11.44';-128;52;116;Spazieren
'2010-06-26 01:05:11.48';-128;111;122;Spazieren
'2010-06-26 01:05:11.52';-116;127;123;Spazieren
'2010-06-26 01:05:11.56';-81;67;86;Spazieren
'2010-06-26 01:05:11.6';-109;7;-3;Spazieren
'2010-06-26 01:05:11.64';-91;10;91;Spazieren
'2010-06-26 01:05:11.68';-102;54;6;Spazieren
'2010-06-26 01:05:11.72';-121;32;15;Spazieren
'2010-06-26 01:05:11.76';-128;-32;6;Spazieren
'2010-06-26 01:05:11.8';-128;-82;-67;Spazieren
'2010-06-26 01:05:11.84';-66;-80;122;Spazieren
'2010-06-26 01:05:11.88';-128;-70;-86;Spazieren
'2010-06-26 01:05:11.92';-99;-68;-104;Spazieren
'2010-06-26 01:05:11.96';-113;-55;-101;Spazieren
'2010-06-26 01:05:12.0';-63;-42;-86;Spazieren
'2010-06-26 01:05:12.04';6;-28;-27;Spazieren
'2010-06-26 01:05:12.08';-38;-8;-39;Spazieren
'2010-06-26 01:05:12.12';-108;-11;-72;Spazieren
'2010-06-26 01:05:12.16';-128;-22;41;Spazieren
'2010-06-26 01:05:12.2';-128;52;95;Spazieren
'2010-06-26 01:05:12.24';-128;127;123;Spazieren
'2010-06-26 01:05:12.28';-100;124;115;Spazieren
'2010-06-26 01:05:12.32';-98;69;20;Spazieren
'2010-06-26 01:05:12.36';18;34;92;Spazieren
'2010-06-26 01:05:12.4';-99;29;29;Spazieren
'2010-06-26 01:05:12.44';-102;28;16;Spazieren
'2010-06-26 01:05:12.48';-128;3;17;Spazieren
'2010-06-26 01:05:12.52';-128;-51;-65;Spazieren
'2010-06-26 01:05:12.56';-73;-16;-58;Spazieren
'2010-06-26 01:05:12.6';-128;-95;-90;Spazieren
'2010-06-26 01:05:12.64';-78;-36;-123;Spazieren
'2010-06-26 01:05:12.68';-60;-35;-96;Spazieren
'2010-06-26 01:05:12.72';-6;-34;-47;Spazieren
'2010-06-26 01:05:12.76';-38;-10;-28;Spazieren
'2010-06-26 01:05:12.8';-55;-12;-36;Spazieren
'2010-06-26 01:05:12.84';-128;0;-47;Spazieren
'2010-06-26 01:05:12.88';-128;92;117;Spazieren
'2010-06-26 01:05:12.92';-128;125;122;Spazieren
'2010-06-26 01:05:12.96';-103;127;123;Spazieren
'2010-06-26 01:05:13.0';-107;60;55;Spazieren
'2010-06-26 01:05:13.04';-41;22;-4;Spazieren
'2010-06-26 01:05:13.08';-109;70;-79;Spazieren
'2010-06-26 01:05:13.12';-64;59;-27;Spazieren
'2010-06-26 01:05:13.16';-128;-11;30;Spazieren
'2010-06-26 01:05:13.2';-128;-52;-53;Spazieren
'2010-06-26 01:05:13.24';-128;-75;-76;Spazieren
'2010-06-26 01:05:13.28';-54;20;-18;Spazieren
'2010-06-26 01:05:13.32';-128;-92;-66;Spazieren
'2010-06-26 01:05:13.36';-110;-62;-108;Spazieren
'2010-06-26 01:05:13.4';-120;-63;-96;Spazieren
'2010-06-26 01:05:13.44';-68;-32;-89;Spazieren
'2010-06-26 01:05:13.48';-1;-26;-30;Spazieren
'2010-06-26 01:05:13.52';-43;-8;-37;Spazieren
'2010-06-26 01:05:13.56';-100;2;-59;Spazieren
'2010-06-26 01:05:13.6';-128;6;17;Spazieren
'2010-06-26 01:05:13.64';-128;66;85;Spazieren
'2010-06-26 01:05:13.68';-128;127;123;Spazieren
'2010-06-26 01:05:13.72';-84;127;122;Spazieren
'2010-06-26 01:05:13.76';-106;73;14;Spazieren
'2010-06-26 01:05:13.8';10;89;103;Spazieren
'2010-06-26 01:05:13.84';-66;36;-13;Spazieren
'2010-06-26 01:05:13.88';-128;28;23;Spazieren
'2010-06-26 01:05:13.92';-128;-5;5;Spazieren
'2010-06-26 01:05:13.96';-128;-68;-73;Spazieren
'2010-06-26 01:05:14.0';-72;-29;-63;Spazieren
'2010-06-26 01:05:14.04';-128;-114;-109;Spazieren
'2010-06-26 01:05:14.08';-128;-65;-100;Spazieren
'2010-06-26 01:05:14.12';-109;-67;-90;Spazieren
'2010-06-26 01:05:14.16';-85;-44;-96;Spazieren
'2010-06-26 01:05:14.2';2;-34;-19;Spazieren
'2010-06-26 01:05:14.24';-14;-4;-35;Spazieren
'2010-06-26 01:05:14.28';-72;-6;-63;Spazieren
'2010-06-26 01:05:14.32';-128;7;-38;Spazieren
'2010-06-26 01:05:14.36';-128;89;123;Spazieren
'2010-06-26 01:05:14.4';-128;123;123;Spazieren
'2010-06-26 01:05:14.44';-114;127;123;Spazieren
'2010-06-26 01:05:14.48';-116;53;33;Spazieren
'2010-06-26 01:05:14.52';-43;51;50;Spazieren
'2010-06-26 01:05:14.56';-105;20;5;Spazieren
'2010-06-26 01:05:14.6';-87;8;20;Spazieren
'2010-06-26 01:05:14.64';-120;18;26;Spazieren
'2010-06-26 01:05:14.68';-128;-26;-28;Spazieren
'2010-06-26 01:05:14.72';-128;-68;-76;Spazieren
'2010-06-26 01:05:14.76';-43;27;-15;Spazieren
'2010-06-26 01:05:14.8';-128;-72;-105;Spazieren
'2010-06-26 01:05:14.84';-98;-81;-79;Spazieren
'2010-06-26 01:05:14.88';-105;-59;-89;Spazieren
'2010-06-26 01:05:14.92';-51;-35;-72;Spazieren
'2010-06-26 01:05:14.96';-13;-18;-40;Spazieren
'2010-06-26 01:05:15.0';-62;-2;-36;Spazieren
'2010-06-26 01:05:15.04';-101;8;-59;Spazieren
'2010-06-26 01:05:15.08';-128;31;75;Spazieren
'2010-06-26 01:05:15.12';-128;91;117;Spazieren
'2010-06-26 01:05:15.16';-121;127;123;Spazieren
'2010-06-26 01:05:15.2';-96;118;82;Spazieren
'2010-06-26 01:05:15.24';-115;23;21;Spazieren
'2010-06-26 01:05:15.28';-119;38;72;Spazieren
'2010-06-26 01:05:15.32';-63;4;-6;Spazieren
'2010-06-26 01:05:15.36';-101;26;22;Spazieren
'2010-06-26 01:05:15.4';-128;-12;12;Spazieren
'2010-06-26 01:05:15.44';-128;-84;-59;Spazieren
'2010-06-26 01:05:15.48';-76;-29;-66;Spazieren
'2010-06-26 01:05:15.52';-128;-108;-111;Spazieren
'2010-06-26 01:05:15.56';-128;-79;-91;Spazieren
'2010-06-26 01:05:15.6';-100;-62;-79;Spazieren
'2010-06-26 01:05:15.64';-73;-39;-92;Spazieren
'2010-06-26 01:05:15.68';17;-25;-28;Spazieren
'2010-06-26 01:05:15.72';-23;2;-34;Spazieren
'2010-06-26 01:05:15.76';-77;-14;-50;Spazieren
'2010-06-26 01:05:15.8';-128;0;-2;Spazieren
'2010-06-26 01:05:15.84';-128;86;123;Spazieren
'2010-06-26 01:05:15.88';-128;123;123;Spazieren
'2010-06-26 01:05:15.92';-108;127;123;Spazieren
'2010-06-26 01:05:15.96';-120;41;34;Spazieren
'2010-06-26 01:05:16.0';-5;23;26;Spazieren
'2010-06-26 01:05:16.04';-107;12;14;Spazieren
'2010-06-26 01:05:16.08';-103;-12;11;Spazieren
'2010-06-26 01:05:16.12';-126;12;22;Spazieren
'2010-06-26 01:05:16.16';-128;-39;-27;Spazieren
'2010-06-26 01:05:16.2';-128;-85;-70;Spazieren
'2010-06-26 01:05:16.24';-112;-59;7;Spazieren
'2010-06-26 01:05:16.28';-128;-90;-90;Spazieren
'2010-06-26 01:05:16.32';-122;-67;-92;Spazieren
'2010-06-26 01:05:16.36';-113;-49;-91;Spazieren
'2010-06-26 01:05:16.4';-41;-20;-86;Spazieren
'2010-06-26 01:05:16.44';-6;-24;-36;Spazieren
'2010-06-26 01:05:16.48';-62;-4;-44;Spazieren
'2010-06-26 01:05:16.52';-114;-16;-53;Spazieren
'2010-06-26 01:05:16.56';-128;19;79;Spazieren
'2010-06-26 01:05:16.6';-128;87;119;Spazieren
'2010-06-26 01:05:16.64';-118;127;123;Spazieren
'2010-06-26 01:05:16.68';-98;120;95;Spazieren
'2010-06-26 01:05:16.72';-123;-10;29;Spazieren
'2010-06-26 01:05:16.76';-121;70;35;Spazieren
'2010-06-26 01:05:16.8';-53;14;-17;Spazieren
'2010-06-26 01:05:16.84';-103;28;24;Spazieren
'2010-06-26 01:05:16.88';-128;-14;3;Spazieren
'2010-06-26 01:05:16.92';-128;-75;-84;Spazieren
'2010-06-26 01:05:16.96';-74;-25;-59;Spazieren
'2010-06-26 01:05:17.0';-128;-128;-109;Spazieren
'2010-06-26 01:05:17.04';-92;-48;-68;Spazieren
'2010-06-26 01:05:17.08';-97;-47;-79;Spazieren
'2010-06-26 01:05:17.12';-89;-42;-98;Spazieren
'2010-06-26 01:05:17.16';10;-26;-30;Spazieren
'2010-06-26 01:05:17.2';-30;-14;-28;Spazieren
'2010-06-26 01:05:17.24';-61;-19;-38;Spazieren
'2010-06-26 01:05:17.28';-128;0;-8;Spazieren
'2010-06-26 01:05:17.32';-128;104;123;Spazieren
'2010-06-26 01:05:17.36';-128;126;123;Spazieren
'2010-06-26 01:05:17.4';-102;127;123;Spazieren
'2010-06-26 01:05:17.44';-102;56;6;Spazieren
'2010-06-26 01:05:17.48';-3;50;46;Spazieren
'2010-06-26 01:05:17.52';-102;1;11;Spazieren
'2010-06-26 01:05:17.56';-113;3;25;Spazieren
'2010-06-26 01:05:17.6';-128;7;23;Spazieren
'2010-06-26 01:05:17.64';-128;-54;-60;Spazieren
'2010-06-26 01:05:17.68';-105;-52;-70;Spazieren
'2010-06-26 01:05:17.72';-128;-119;-111;Spazieren
'2010-06-26 01:05:17.76';-125;-75;-128;Spazieren
'2010-06-26 01:05:17.8';-94;-73;-102;Spazieren
'2010-06-26 01:05:17.84';-98;-58;-88;Spazieren
'2010-06-26 01:05:17.88';-44;-1;-65;Spazieren
'2010-06-26 01:05:17.92';-18;26;-53;Spazieren
'2010-06-26 01:05:17.96';-70;1;-51;Spazieren
'2010-06-26 01:05:18.0';-122;-12;-18;Spazieren
'2010-06-26 01:05:18.04';-128;13;123;Spazieren
'2010-06-26 01:05:18.08';-128;85;123;Spazieren
'2010-06-26 01:05:18.12';-118;127;123;Spazieren
'2010-06-26 01:05:18.16';-69;111;100;Spazieren
'2010-06-26 01:05:18.2';-128;127;123;Spazieren
'2010-06-26 01:05:18.24';26;106;93;Spazieren
'2010-06-26 01:05:18.28';-102;-6;9;Spazieren
'2010-06-26 01:05:18.32';-128;11;35;Spazieren
'2010-06-26 01:05:18.36';-128;-10;0;Spazieren
'2010-06-26 01:05:18.4';-128;-73;-68;Spazieren
'2010-06-26 01:05:18.44';-74;-19;-75;Spazieren
'2010-06-26 01:05:18.48';-128;-111;-118;Spazieren
'2010-06-26 01:05:18.52';-113;-63;-100;Spazieren
'2010-06-26 01:05:18.56';-103;-57;-83;Spazieren
'2010-06-26 01:05:18.6';-74;-37;-102;Spazieren
'2010-06-26 01:05:18.64';2;-44;-13;Spazieren
'2010-06-26 01:05:18.68';-40;-10;-35;Spazieren
'2010-06-26 01:05:18.72';-102;3;-72;Spazieren
'2010-06-26 01:05:18.76';-128;-4;16;Spazieren
'2010-06-26 01:05:18.8';-128;127;123;Spazieren
'2010-06-26 01:05:18.84';-128;127;123;Spazieren
'2010-06-26 01:05:18.88';-98;127;123;Spazieren
'2010-06-26 01:05:18.92';-118;44;11;Spazieren
'2010-06-26 01:05:18.96';-8;115;-20;Spazieren
'2010-06-26 01:05:19.0';-104;-23;17;Spazieren
'2010-06-26 01:05:19.04';-113;2;26;Spazieren
